{
    "camera_matrix": [
        [
            1506.148485166308,
            0.0,
            977.4628278777857
        ],
        [
            0.0,
            1493.3707245007379,
            538.4913812891909
        ],
        [
            0.0,
            0.0,
            1.0
        ]
    ],
    "dist_coefficients": [
        [
            0.21643410215852366,
            -0.8318437589039117,
            0.0012825131996125325,
            -0.00026892129476848787,
            0.5183341077014798
        ]
    ]
}